machine_record_index,Volume,Closing Price,SMA,EMA,MACD,Trend
0,202,67.29798894600543,56.01349649377321,67.29798894600543,7.102669426592705,0
1,535,59.93340476880031,56.01349649377321,64.84312755360372,4.647808034190994,0
2,960,18.190188194619726,56.01349649377321,49.29214776727572,-10.903171752137006,1
3,370,75.37573293852054,56.01349649377321,57.98667615769067,-2.2086433617220607,0
4,206,59.27016762092004,56.01349649377321,58.41450664543379,-1.7808128739789382,0
5,171,50.5819402674494,52.670286758062005,55.80365118610567,-4.391668333307059,1
6,800,91.94241505629458,59.07208881556086,67.84990580950198,7.654586290089249,0
7,120,36.816350638775546,62.797321304392014,57.50538741925984,-2.6899321001528875,1
8,714,57.12420484135101,59.14701568495811,57.3783265599569,-2.816992959455824,1
9,221,72.7877684344117,61.850535847656445,62.51480718477518,2.319487665362452,1
10,566,81.68245981064895,68.07063975629636,68.9040247267331,8.70870520732037,0
11,314,51.34121271515552,59.950399288068546,63.04975405620725,2.854434536794521,1
12,430,85.78822735168387,69.74477463065021,70.62924515469946,8.893072434813533,0
13,558,79.20259671838578,74.16045300605717,73.48702900926158,10.145090293576864,0
14,187,15.961238006667926,62.79514692050841,54.311765341730364,-8.844427524958377,0
15,472,14.127513976416965,49.28415775366201,40.9170148866259,-17.135159733220874,1
16,199,65.87251159798822,52.190417530228544,49.23551379041334,-9.366856160855775,0
17,971,41.26720674028728,43.286213407949234,46.579411440371324,-11.246730716967619,0
18,763,28.821771197066276,33.210048303685326,40.66019802593631,-11.905890476466944,1
19,230,62.16849410245646,42.45149952284304,47.829630051443026,-6.849137072933637,0
20,761,40.740688941089054,47.774134515777455,45.46664968132504,-7.846824451363126,1
21,408,58.3537075042663,46.27037369703307,49.76233562230546,-2.348300099537262,0
22,869,51.41072430852148,48.29907721067991,50.311798517710805,0.7238074210453789,1
23,443,62.62894953542383,55.060512878351425,54.41751552361515,3.8888796919273645,0
24,591,46.027044001925326,51.8322228582452,51.620691683051874,4.405487797177294,1
25,513,72.79008163272385,58.24210139657216,58.6771549996092,11.996327370873125,0
26,905,26.206054511436868,51.81257079800628,47.85345483688509,0.31889249941826137,1
27,485,72.6851319604371,56.06745232838939,56.13068054473577,3.716316708600594,0
28,291,47.04950929217753,52.95156427974014,53.1036234605497,2.257843149898754,1
29,376,88.68858443689754,61.48387236673458,64.96527711933231,10.167715333963848,0
30,260,56.371244937778975,58.2001050277456,62.1005997254812,5.0072484617200175,1
31,559,97.57993143430939,72.4748804123201,73.92704362842393,13.882739253674991,0
32,413,64.17418559868642,70.77269113996996,70.67609095184477,8.678995188962716,0
33,121,30.146415931568853,67.39207246784824,57.16619927841947,-2.48028885340446,1
34,352,83.96115731600042,66.44658704366881,66.09785195761313,3.7388277418326297,0
35,847,41.0574365040148,63.383825356915985,57.7510468064137,-2.8103513234160644,1
36,956,41.285729303441514,52.1249849307424,52.26260763875631,-7.903680932866465,0
37,660,12.862421333664862,41.86263207773809,39.12921220372583,-16.043104676308694,1
38,574,59.38437782866678,47.71022445715768,45.88093407870615,-12.056243077764194,0
39,158,58.09811533592707,42.537616061143,49.95332783111313,-6.768264606648053,0
40,610,42.03923358447875,42.733975477235795,47.31529641556834,-8.98877304655128,1
41,781,90.47955366063331,52.57274034867415,61.70338216392334,5.250065266492406,0
42,575,21.587355846967952,54.31772725133477,48.331373391604885,-5.223286081591802,1
43,799,39.70895619791399,50.382642925184214,45.457234327041256,-3.2748438764558045,0
44,882,38.94244882120261,46.55150962223932,43.28563915842838,-3.3437943136116886,0
45,289,18.306152760587146,41.804893457461006,34.959143692481305,-10.683601181976961,1
46,786,53.30308546506639,34.369599818347616,41.073790950009666,-2.014114603537429,1
47,662,71.90062453864746,44.43225355668352,51.34940214622227,5.691230923122447,0
48,975,56.04913121925351,47.70028856095142,52.91597850389935,6.027523787815191,0
49,666,24.127991444457436,44.73739708560239,43.31998281741872,-4.50726940789815,1
50,343,43.955736871786534,49.86731390784227,43.53190083554133,-3.009631310035516,0
51,931,10.23355219452819,41.25340725373463,32.43245128853695,-10.12036726192332,1
52,604,88.14709963320281,44.5027022726457,51.00400073675891,4.608860015571629,0
53,230,17.606530691261373,36.81418216704727,39.87151072159307,-0.4508780854798786,1
54,584,63.75502740298875,44.73958935875353,47.832682948724965,3.9963215119836093,1
55,918,98.76312962801336,55.701067909998905,64.80949850848776,16.05195595257146,0
56,746,58.29315813885993,65.31298909886524,62.63738505194516,12.26728338622408,1
57,120,93.16375831966899,66.31632083615848,72.81284280785312,16.204607345541888,0
58,940,31.25048798056639,69.04511229401949,58.958724532090876,4.188205526821314,1
59,266,78.3959868043827,71.97330417429826,65.43781195618816,10.126012762107322,0
60,373,57.813917857618065,63.783461820219216,62.89651392333147,7.437649176053583,1
61,487,74.84644552523184,67.0941192974936,66.87982445729827,7.194421869955853,0
62,700,15.61072262601173,51.58351215876214,49.79012384686943,-7.533194219991756,1
63,415,23.2965182715604,49.992718216960945,40.95892198843309,-17.45297658484744,0
64,113,21.980523572873043,38.709625570659014,34.63278918324641,-18.265228051673304,1
65,341,71.8448954862998,41.51582109639537,47.036824617597546,-10.381056350242034,1
66,876,85.99966053702659,43.746464098754316,60.024436590740564,0.7528361950644893,0
67,445,77.46546088077287,56.117411749706534,65.83811135408467,8.341316687345312,0
68,664,12.742493746023474,54.00660684459916,48.13957215139761,-5.561333815938717,1
69,997,88.0493482967251,67.22037178936958,61.44283086650678,8.168125734415788,0
70,439,41.87320037138129,61.226032766385856,54.91962070146495,0.759689536806043,1
71,191,45.74474492536743,53.175049644054035,51.861328776099114,0.4223344346914786,0
72,466,19.43822498792328,41.56960246548412,41.05362751337384,-7.187392422225891,1
73,554,76.36646854844372,54.29439742596817,52.8245745250638,4.456886004196406,0
74,527,26.405549062836226,41.965637579190386,44.018232704321285,-5.249024686281487,1
75,608,60.75685828169527,45.74236916125318,49.59777456344595,-2.7911778280013877,1
76,875,85.6638987290138,53.726199921982456,61.61981595196857,3.923915630842828,0
77,134,18.028389584085055,53.44423284121482,47.0893404960074,-6.12185099993377,1
78,305,58.18020076139712,49.80697928380549,50.786293917803974,-0.10660926350141864,0
79,180,30.98947703948211,50.72376487913467,44.18735495836336,-2.8325495695011327,1
80,661,40.863417785043424,46.74507677980431,43.07937590059005,-6.283938963859434,1
81,971,52.65729472875005,40.14375597975155,46.27201550997672,-0.1419615571415065,0
82,487,41.95938729513743,44.92995552196203,44.83447277169696,-1.586686539067621,1
83,101,68.39405562624184,46.972726494930974,52.68766705654525,4.379065187374472,0
84,489,53.162389157882515,51.40730891861106,52.84590775699101,1.7269588736569688,1
85,665,62.57795362427523,55.75021608645741,56.08992304608576,6.120017073099078,1
86,205,76.31402278554216,60.481561697815835,62.83128962590457,8.702344176025733,0
87,871,60.196803935539364,64.12904502589622,61.953127729116176,7.870853474750334,1
88,921,62.78818911946832,63.007871724541516,62.23148152590022,10.055516405663163,0
89,576,60.80126882703772,64.53564765837255,61.754743959612725,6.01437223579628,0
90,802,44.08953633561604,60.83796420064073,55.8663414182805,1.3001917299458086,0
91,501,40.37021504847263,53.649202653226816,50.70096596167788,-4.64691189407268,1
92,829,90.9682657430511,59.803495014729165,64.12339922213562,4.6001173698844084,0
93,655,64.67997000642156,60.1818511921198,64.30892281689759,3.7837513581737667,0
94,261,31.991783991818906,54.41995422507605,53.536543208538035,-6.157994641575918,1
95,301,54.842292806404615,56.570505519233755,53.97179307449356,-4.593431207300618,0
96,369,39.73136331528226,56.44273517259569,49.224983154756465,-8.2209889734877,1
97,962,94.03226413838871,57.05553485166321,64.16074348263388,4.0935788115469265,0
98,915,10.678092682066726,46.25515938679224,46.33319321577816,-8.2643106133525,1
99,370,30.27995179412754,45.912792947253976,40.982112741894625,-11.122320075451725,1
100,555,42.882113770665185,43.520757140106085,41.61544641815148,-8.8301467867946,1
101,561,53.90288207278641,46.35506089160692,45.711258303029794,-4.159469339062021,1
102,826,86.57357660525317,44.86332338497981,59.33203107043759,5.920966739209355,0
103,351,17.90988620861295,46.30968209028905,45.52464944982938,-6.014720811410541,1
104,801,82.52783980670291,56.75925969280413,57.859046235453896,7.0230448022429925,0
105,395,15.008814042127781,51.18459974709664,43.57563550434519,-3.1211029318412358,1
106,824,85.80826317683635,57.56567596790662,57.65317806184225,6.47173302690436,0
107,819,14.647193008706155,43.180399248597226,43.317849710796885,-4.514003674332791,0
108,848,11.641823328552494,41.92678667258514,32.75917425004876,-12.731884136186771,1
109,437,72.72653161297794,39.96652503384014,46.081626704358484,2.366046028573855,1
110,978,99.75299812915549,56.91536185124569,63.972083845957485,12.833594382915457,0
111,152,90.69492366766187,57.892693949410784,72.87969711985895,16.70662666735572,0
112,891,61.8398576025094,67.33122686817144,69.19975061407577,11.446868175585529,1
113,316,92.56560517769785,83.5159832380005,76.9883688019498,16.013592771383607,0
114,863,10.477000575784487,71.06607703056181,54.81791272656137,0.1845180317842292,1
115,287,97.75604466506283,70.66668633774329,69.13062337272854,7.843382139913906,0
116,479,54.1673901332906,63.36117963086904,64.14287895958256,5.219008532885624,1
117,592,75.06064869595981,66.00533784955911,67.78213553837497,3.8539455571920413,1
118,140,83.87753258380172,64.26772333077989,73.14726788685056,9.379972121753838,0
119,256,74.66115437528983,77.10455409068095,73.65189671633031,4.883437504018289,0
120,114,58.15330588404195,69.18400633447678,68.4856997722342,-4.158716319701952,0
121,912,52.89575357137708,68.92967902209406,63.28905103861516,-7.702800216520906,1
122,164,85.47243028323624,71.01203533954936,70.68351078682218,0.8817068521793772,0
123,956,28.45698041345132,59.92792490547928,56.608000662365235,-8.007308001093357,1
124,938,97.11946598538108,64.41958722749754,70.11182243670385,2.556546408005943,0
125,620,73.98572309530735,67.58607066975061,71.40312265623835,5.396170134406333,0
126,443,27.955623460448777,62.59804464756496,56.920622924308496,-10.542881504578894,1
127,228,76.26224653286394,60.7560078974905,63.36783079382698,-2.3045237907104905,0
128,747,57.6856020863005,66.60173223206033,61.473754557984826,-4.491784355970147,1
129,571,73.650708608,61.90798075658412,65.53273924132321,-0.3153046653017668,1
130,162,79.1001551298555,62.93086716349374,70.0552112041673,4.605282085371172,0
131,238,17.85611616307079,60.910965704018146,52.65551285713514,-8.0606630773094,1
132,598,55.54935607234123,56.7683876119136,53.62012726220384,-6.8790528545989815,1
133,692,93.88129080312407,64.00752535527832,67.04051510917725,3.1258735563955113,0
134,491,38.85779729435629,57.04894309254958,57.646275837570265,-2.3838129661381373,1
135,774,63.449478780210896,53.91880782262066,59.58067681845048,-3.3654535158212298,0
136,518,43.23074333589065,58.99373325718462,54.13069899093054,-4.3247044558836265,1
137,388,50.88411749971897,58.06068554266018,53.04850516052669,-3.4817644866551163,1
138,478,59.374280614433786,51.15928350492212,55.15709697849573,-3.99139409818482,1
139,872,59.40297819000796,55.26831968405245,56.57239071566647,-1.1711613324427432,0
140,589,28.155741609721225,48.20957224995452,47.100174347018054,-8.18255599470956,1
141,330,71.611439309185,53.88571144461339,55.270596001073706,0.15780476758067152,0
142,140,17.908130011839113,47.29051394703741,42.81644067132885,-7.1970151356628165,1
143,127,22.494229609781833,39.91450374610703,36.04237031747984,-14.357594943404408,0
144,234,10.243980947289671,30.082704297563374,27.442907194083123,-19.181610139713502,1
145,300,20.50264577275132,28.55208513016938,25.129486720305856,-15.380143527626373,1
146,939,52.5849580946703,24.746788887266447,34.28131051176067,-7.372249802864388,1
147,879,64.54916929502548,34.074996743903725,44.37059677284894,2.6253955819893307,1
148,132,81.48605049698162,45.873360921343675,56.74241468089317,11.809271226609312,0
149,147,19.602932510209246,47.745151233927594,44.3625872906652,2.036209252173826,1
150,602,86.56547140148092,60.95771635967351,58.430215327603776,13.837904723525135,0
151,506,77.13770729938463,65.86826620061638,64.66604598486407,18.595841288337375,0
152,673,46.76664636423252,62.31176161445778,58.69957944465356,11.078466018584251,1
153,827,93.96442603899592,64.80743672286064,70.45452830943435,20.970665989214133,1
154,904,99.18365288116516,80.72358079705182,80.03090316667796,23.774080607347244,0
155,198,28.450162904791352,69.10051909771391,62.83732307938243,6.084172745467583,1
156,783,44.13057264674204,62.4990921671854,56.60173960183564,-2.9752933737002323,1
157,971,93.380448123074,71.8218525189537,68.8613091089151,3.211125937519,0
158,825,74.94368956761494,68.0177052246775,70.88876926181504,3.37535846767355,0
159,646,14.328517956767893,51.04667823979805,52.03535216013267,-11.293004355820685,1
160,838,80.33630335762734,61.423906330365256,61.469002559297564,-1.7635416950429317,1
161,712,84.51467984597427,69.50072777021168,69.1508949881898,0.5090384558688896,0
162,561,77.54517322887821,66.33367279137254,71.94898773508595,4.058822717148601,1
163,742,81.9583417827564,67.73660323440083,75.28543908430944,6.993554526091103,1
164,868,84.26194090235175,81.72328782351761,78.27760635699022,6.8611139205952725,0
165,104,26.77644881093297,71.01131691417872,61.11055384163781,-4.706940492418553,1
166,317,31.21225714584998,60.35083237415387,51.144454943041865,-9.00875641307156,1
167,602,67.03827073481595,58.249451875341414,56.442393540299896,-6.926493468315584,1
168,866,91.70795174162643,60.19937386711541,68.19757960740874,0.8639110075529004,0
169,497,38.457692406684515,51.038524167981976,58.284283873834,-4.472488416322726,1
170,970,62.9476008215551,58.27275457010639,59.838722856407706,-1.918375371577362,1
171,894,71.46838570754193,66.3239802824448,63.71527714011912,-2.8034767337637803,0
172,492,50.67537411691353,63.051400958864306,59.3686427990506,-4.67836697143948,1
173,306,74.24042093697933,59.55789479793488,64.32590217836018,1.1350806502863335,1
174,114,90.97007007629558,70.0603703318571,73.20729147767199,8.8977285456467,0
175,957,66.16913897636539,70.70467796281915,70.86124064390313,7.867444612410424,0
176,653,58.58029557231697,68.12705993577416,66.76759228670775,5.913933366051282,0
177,991,49.487020784950516,67.88938926938155,61.00740178612202,-1.7388047990359112,1
178,560,61.97376438155131,65.43605795829595,61.329522651265115,-3.98014287020127,0
179,790,41.982620663655624,55.638568075767964,54.88055532206195,-8.341139360141064,1
180,674,45.233389918135174,51.451418264121926,51.66483352075303,-7.683981009492392,1
181,963,57.86717317193566,51.308793784045655,53.732280071147244,-7.233991189535772,0
182,842,15.995720115173526,44.61053365009026,41.15342675248934,-15.900187782661874,1
183,340,30.61228518323167,38.33823781042633,37.63971289607012,-16.00922659538857,1
184,663,58.8564379552068,41.71300126873657,44.71195458244902,-9.618740228867452,0
185,195,48.83753288227984,42.4338298615655,46.08714734905929,-6.126640124365544,0
186,999,39.95342073212359,38.851079373603085,44.04257181008073,-3.9198282179964465,1
187,833,75.74942231283713,50.80181981313581,54.6115219776662,5.850765004883044,0
188,584,72.43458466630045,59.16627970974956,60.55254287387763,10.637261809929186,0
189,506,25.005768399404484,52.3961457985891,48.70361804905325,0.828441350566969,1
190,330,89.07662038360944,60.443963298855024,62.16128549390531,12.027537461914186,0
191,848,54.58812637635691,63.37090442770168,59.63689912138918,8.45269228000629,1
192,754,76.73148200251408,63.567316365637076,65.33509341509748,11.526045566683017,0
193,270,61.58357643316498,61.397114719009984,64.08458775445331,9.965839634269734,1
194,640,99.7923354331459,76.35442812575826,75.9871703140175,14.885370917336239,0
195,135,77.71628080349404,74.08236020973519,76.56354047717636,11.536408112139881,0
196,624,73.62824151191131,77.89038323684606,75.58510748875469,9.32699149399285,1
197,259,80.0714745145676,78.55838173925676,77.08056316402566,8.219618699906505,0
198,938,22.881518699362267,70.81797019249622,59.01421500913787,-8.42407095225117,1
199,798,28.409013385251694,56.54130578291739,48.81248113450915,-14.680770749581114,1
200,342,74.26576740012527,55.85120310224363,57.29690988971453,-6.348940555527804,0
201,185,54.45833384177764,52.0172215682169,56.35071787373557,-9.749513025037864,1
202,895,77.9171762674105,51.58636191878547,63.53953733829388,-1.6307398841296248,0
203,677,19.262442766973052,50.86254673230762,48.780505814520275,-13.445964440454588,1
204,781,58.283321633613525,56.83740838197999,51.94811108755136,-8.741012470015121,0
205,656,44.09394090012241,50.803043081979425,49.33005435840838,-9.901599571404546,1
206,673,51.13001973535105,50.13738026069411,49.93004281738928,-5.246418137607428,1
207,745,64.35620848652613,47.42518670451723,54.738764707101566,0.675643111852203,0
208,895,55.20595127162771,54.613888405448165,54.89449356194362,2.3665628200512074,1
209,127,58.587457340155304,54.674715546756524,56.12548148801419,5.38788551065614,0
210,719,53.7721733796047,56.61036204265298,55.34104545187769,2.02922825116611,0
211,655,46.80596593769439,55.74555128312164,52.49601894714992,-2.348877632931881,1
212,439,79.46937825384205,58.76818523658483,61.4871387160473,6.208607898155755,0
213,897,11.098276508624007,49.946650283984084,44.69085131357287,-6.974341393222531,1
214,430,63.85984310847043,51.00112743764712,51.08051524520539,0.5867669683216619,0
215,739,60.895751259067644,52.425843013539705,54.35226058315948,0.3890699319345359,1
216,605,74.4561167259657,57.95587317119397,61.05354596409489,5.742622388507257,0
217,447,63.91264282995938,54.84452608641743,62.00657825271639,5.044096182975679,1
218,572,84.41189450281705,69.50724968525604,69.47501700274995,9.739045369053748,1
219,330,96.3167315107625,75.99862736571446,78.42225517208746,16.022906619704884,0
220,289,40.827183146068904,71.9849137431147,65.89056449674794,4.6894466214952715,0
221,324,30.461588472698832,63.186008092461336,54.08090582206491,-4.776389647566376,1
222,484,48.12371761784346,60.02822305003815,52.095176420657765,-6.291414402160093,0
223,476,35.91366548281535,50.32857724603781,46.70133944137696,-10.777559676867654,1
224,382,65.34552368373889,44.13433568063308,52.91606752216427,-3.3858437152384155,1
225,732,92.06671679586682,54.382242410592674,65.96628394673179,2.9170026853922124,0
226,727,22.52045747287557,52.794016210628016,51.48434178877972,-8.11999066959362,0
227,844,19.071514271429784,46.98357554134528,40.68006594966308,-15.438913426407112,1
228,358,33.0413978668296,46.409122018148125,38.13384325538526,-14.533909549090247,1
229,458,75.34860274561606,48.40973783052357,50.53876308546219,-3.081986378651372,0
230,809,63.36666147329394,42.66972676600899,54.814729214739444,2.9477491697528038,0
231,555,19.199139780267963,42.00546322748747,42.942866069915624,-2.4976479975298034,1
232,510,92.68754700346719,56.72866977389494,59.52442638109948,9.762215325537525,0
233,748,81.10761734116781,66.3419136687626,66.71882336778893,12.736109906521229,0
234,417,12.072034430887376,53.68660000581686,48.503227055488416,-2.475179473532947,1
235,776,68.62304898894214,54.7378775089465,55.20983436663966,1.505645878774402,1
236,324,79.41220016677642,66.7804895862482,63.27728963335191,8.40087810523353,0
237,918,43.699183274837985,56.98281684052235,56.75125418051394,5.905470445814622,0
238,333,16.20293854304969,44.00188108089872,43.23514896802586,-7.084174855854634,1
239,783,16.958895893990853,44.97925337351941,34.47639794334753,-15.66687434907972,1
240,763,19.382226944662854,35.13108896466356,29.445007610452638,-19.56000043846071,1
241,926,85.63956687823806,36.37656230695588,48.17652736638111,-1.6860610269174074,1
242,473,91.96175784301417,46.02907722059113,62.77160419192546,10.526091101150257,0
243,771,21.052970366116043,46.99908358520439,48.86539291665566,-3.534606056273553,1
244,707,31.231543113557308,49.85361302911768,42.987442982289544,-4.291222333147175,0
245,571,24.896845933056078,50.95653682679633,36.95724396587839,-5.63719039888236,1
246,332,26.768879154470863,39.182399282042894,33.56112236207588,-10.258049062983496,1
247,791,85.37417101022429,37.864881915484915,50.83213857812535,5.61704031795913,0
248,212,39.89317713894451,41.632923270050604,47.18581809839841,5.2639717572181866,0
249,929,38.029983764107705,42.99261140016069,44.13387332030151,2.6844602716821413,0
250,596,30.465605878940135,44.1063633893375,39.57778417318106,-3.060184486762509,1
251,541,64.71049544148329,51.69468664673998,47.95535459594847,1.3380859737138664,0
252,663,44.137512854699395,43.447355015635004,46.682740682198784,-1.9974684325388736,1
253,367,76.982468665896,50.86521332102531,56.78265001009785,8.823865746388712,0
254,609,28.502182753807375,48.95965311896524,47.35582759133437,4.685341251725788,1
255,906,80.90108998430432,59.04674994003807,58.537581722324354,10.879752081200088,0
256,485,64.33493785571251,58.97163842288391,60.470033766787076,10.053587897149868,0
257,486,20.284057005011896,54.20094725294641,47.074708179528685,-2.957338612771501,1
258,212,47.30541257832649,48.265536035432525,47.15160964579462,-4.5918149318268675,1
259,712,87.71663265516612,60.10842601570427,60.67328398225179,8.73465426755181,1
260,724,93.06642086186363,62.541492191216136,71.47099627545575,15.101262917179177,0
261,180,51.91301100869319,60.05710682181227,64.95166785320157,7.425015557876208,1
262,798,53.27532802801662,66.6553610264132,61.059554578139924,1.632092103724851,1
263,212,92.6609252445371,75.72646355965534,71.59334480027232,9.836679842269433,0
264,101,62.83614017229105,70.75036506308031,68.67427659094523,5.359392689809702,0
265,741,12.956200321909451,54.72832095508949,50.10158450126664,-7.877777037870004,1
266,319,92.1474516591216,62.77520908517516,64.11687355388497,0.8337396059721414,0
267,665,32.34037984814367,58.58821944920057,53.52470898530454,-5.711699117928241,1
268,954,61.98687586823925,52.45340957394101,56.345431279616115,-2.6953049913272267,0
269,835,24.896198568517644,44.86542125318632,45.862353709249966,-13.562727691985515,0
270,324,13.049124422193549,44.88400607324314,34.9246106135645,-21.645780107993247,1
271,484,38.03258540194817,34.06103282180845,35.96060220969239,-16.46945124076386,1
272,502,80.24461367914789,43.6418795880093,50.72193936617756,-0.6396301523857062,0
273,737,34.98284553664763,38.24107352169098,45.475574756334254,-4.47514763955855,0
274,229,29.808749267298737,39.22358366144719,40.25329959332242,-7.741874572510568,0
275,152,29.141270590710366,42.44201289515056,36.549289925785075,-6.152579685562337,1
276,783,56.365631416613134,46.10862209808356,43.15473708939443,0.9920765410201753,1
277,829,97.79871841144806,49.61944304454359,61.36939753007897,12.136527140909834,0
278,771,51.30900892153117,52.884675721520296,58.01593466056304,12.186267832859762,1
279,809,60.15748320010431,58.954422508081414,58.72978417374347,10.582025400043477,1
280,515,87.45688161016605,70.61754471197256,68.30548331921767,18.035224067023783,0
281,346,58.15627470402928,70.97567336945578,64.92241378082154,11.880481517335014,0
282,935,26.601658427697046,56.73626137270556,52.14882866311338,-2.0224814341651083,1
283,538,36.96363205898294,53.86718600019592,47.08709646173657,-6.99513419029482,1
284,302,37.89432336417498,49.414554033010056,44.02283876254938,-6.53020102990093,1
285,283,45.75863039118381,41.074903789213614,44.601435972094194,-6.849585891567465,1
286,222,48.41100148030745,39.12584914446925,45.87129114149862,-7.129918406580423,1
287,500,81.98038198668425,50.20159385626668,57.9076547565605,0.5031859254836206,0
288,866,41.44482991443997,51.09783342735809,52.42004647585365,-3.7410222300421268,1
289,393,52.14086455972414,53.94714166646793,52.32698583714382,-0.02926171444163117,1
290,379,66.2478388345947,58.0449833551501,56.967270169627454,3.366120125286706,0
291,936,43.99533526961524,57.16185011301165,52.64329186962338,0.3889874861567222,1
292,983,85.29083319630996,57.8239403549368,63.52580564518558,11.452005296206934,0
293,709,62.87082438106669,62.109139248262146,63.307478557145956,10.8407990684142,0
294,297,36.46402112988744,58.9737705622948,54.35965941472646,1.0711163674788295,1
295,610,74.26532798108454,60.57726839159277,60.994882270179154,4.597864562756385,0
296,851,57.48829571303072,63.27586048027588,59.82602008446302,1.7961713479689436,1
297,243,58.10103021315222,57.83789988364433,59.25102346069275,0.19264140570130195,0
298,708,53.29791535488273,55.92331807840753,57.26665409208942,-2.1989707857833025,1
299,300,54.73107539391241,59.57672893121253,56.42146119269709,-0.7733881357779779,1
300,223,78.88206529596165,60.50007639418796,63.908329227118614,3.5937102835167494,0
301,286,19.268333139818395,52.85608387954549,49.028330531351884,-8.546910793924503,1
302,425,40.09265301794339,49.254408440503724,46.04977136021572,-9.345871147006406,0
303,563,16.79530274235003,41.95388591799717,36.29828182092716,-16.83069130902286,1
304,448,77.79215986727057,46.5661028126688,50.12957450304163,-2.3745091828217753,0
305,870,34.50716692482695,37.69112313844187,44.92210531030341,-5.218340254206687,1
306,759,90.76873688369957,51.991203887218106,60.2043158347688,5.538477290774367,0
307,863,57.39206199933644,55.45108568349671,59.26689788962469,6.007164844109269,1
308,502,82.06747943375089,68.50552102177689,66.86709173766675,11.559093382091312,1
309,445,98.10382920543651,72.56785488941009,77.27933756025666,18.63777262199087,0
310,610,85.58099735109136,82.78262097466295,80.0465574905349,18.714735719251706,1
311,246,88.02943840103711,82.23476127813046,82.70751779403564,18.600832438825393,0
312,247,46.71860458283602,80.10006979483038,70.71121339030243,9.284816427852668,1
313,963,59.655033573340575,75.6175806227483,67.02582011798182,2.2338647860718623,0
314,810,32.84997076389739,62.566808934440495,55.633870333287014,-8.554528144119097,0
315,919,27.650178972410753,50.98064525870437,46.30597321299493,-18.786998283582918,1
316,588,55.495709119543044,44.47389940240556,49.369218515177636,-13.86571541908959,1
317,739,63.55440817303786,47.841060120445924,54.09761506779771,-11.557922303820412,0
318,650,40.53441213065719,44.016935831909244,49.576547422084204,-11.89279622011373,1
319,437,61.24991659871503,49.696924998872774,53.467670480961154,-8.32316104451833,1
320,971,89.87144342621527,62.141177889633674,65.60226146271253,3.161099604527692,0
321,740,60.10494263050295,63.06302459182566,63.769821851976005,4.49523387503563,1
322,878,74.8731786679456,65.3267786908072,67.47094079063254,9.088671037287646,1
323,572,82.47834706221145,73.71556567711806,72.47340954782553,14.553730739382765,1
324,250,98.98559037598984,81.26270043257303,81.31080315721363,19.035542199341386,0
325,514,64.28776619592816,76.14596498651561,75.63645750345181,12.975135493697266,1
326,397,82.61651340663273,80.64827914174155,77.96314280451212,11.15460890786295,1
327,710,96.63843866993872,85.00133114214017,84.18824142632099,11.630685888211161,0
328,362,94.9968753019546,87.50503679008881,87.79111938486554,11.941799998221413,0
329,863,22.697366389994222,72.24739199288969,66.09320171990845,-6.351364184815367,1
330,243,46.57530774461698,68.70490030262745,59.587237061477964,-13.360736811075824,0
331,445,39.15910549961197,60.013418721223296,52.7778598741893,-18.329213073439234,0
332,723,17.82325134553144,44.250381256341846,41.12632369797002,-23.97673324293487,1
333,671,66.99166974198644,38.64934014434821,49.748105712642165,-15.92884515421968,1
334,980,76.23141518764021,49.35614990387741,58.57587553764152,-7.2142617058615315,1
335,101,86.33152859201951,57.30739407335791,67.82775988910086,1.7165241847804538,0
336,996,21.049920069643765,53.68555698736427,52.235146615948494,-7.381449896176399,1
337,403,88.87996682877645,67.89690008401327,64.45008668689115,2.7841401220289015,0
338,353,67.86330072528278,68.07122628067255,65.58782469968837,5.151312524938611,1
339,751,73.35515216246586,67.49597367563767,68.17693385394753,9.680695554820517,1
340,552,91.95616031862735,68.62090002095924,76.10334267550748,17.86049729165773,0
341,136,66.2285143938926,77.65661888580901,72.81173324830252,10.941292197461244,0
342,259,40.22792714348516,67.92621094875075,61.950464546696736,0.6089718792831036,1
343,108,84.25965982803937,71.20548276930207,69.38686297381095,4.286990779028372,0
344,332,42.67532909755815,65.06951815632053,60.48301834839335,-6.687860325724792,0
345,198,13.080529973847622,49.294392087364585,44.68218889021145,-17.996094803228452,1
346,758,84.75890559087247,53.000470326760556,58.04109445709846,-5.347813436610792,0
347,915,41.067293039314805,53.16834350592649,52.38316065117058,-7.23372761314662,1
348,307,79.64510708812062,52.24543295794274,61.470476130153926,-3.0293443857030127,0
349,230,42.64821051993509,52.240009242418125,55.196387593414315,-5.45078656337251,1
350,503,87.49612179772494,67.12312760719358,65.96296566151787,3.679723082027529,0
351,251,29.755947257286284,56.12253594047635,53.89395952677401,-4.756015977284697,1
352,153,97.7092538678983,67.45092810619305,68.4990576404821,9.369657673984157,0
353,219,80.17828973092277,67.55756463475348,72.39213500396232,12.100253759378525,0
354,772,20.281413332835715,63.08420519733361,55.02189444692013,-3.607777313442881,1
355,727,60.919895796990446,57.7689599971867,56.98789489694357,0.303203472501302,1
356,686,98.68305810175612,71.55438216608067,70.8862826318811,9.534280457089004,0
357,724,52.39589074244329,62.49170954098967,64.72281866873517,0.0945364298934237,0
358,519,26.389642493942493,51.73398009359361,51.945093277137616,-7.8190837036266245,1
359,521,53.630053043531156,58.4037080357327,52.506746532602136,-8.304327115180136,1
360,203,56.12118902937294,57.4439666822092,53.71156069819241,-5.139186444694225,1
361,951,76.7518249805799,53.05772005797396,61.391648792321575,-0.3010662222854492,0
362,353,72.8961267844814,57.157767266381576,65.22647478970819,4.750426026204792,0
363,326,46.22950392372825,61.125739552338736,58.89415116771488,-2.9546939846586824,0
364,211,29.622079674467784,56.324144878526056,49.13679400329919,-7.038119966288505,1
365,609,68.05487509923965,58.7108820924994,55.44282103527935,0.27819161833191686,0
366,572,47.95335410979536,52.951187918342484,52.946332060118024,-4.5242924215760425,0
367,198,21.904859001279736,42.75293436170215,42.59917437383859,-11.620197041546248,1
368,252,91.0515071112747,51.717334999211445,58.74995195298396,5.166543120139245,0
369,960,72.2099671848689,60.234912501291674,63.236623696945614,8.002041827232098,0
370,995,71.48654708009332,60.9212468974624,65.98659815799485,6.99394090610209,1
371,977,84.03254883205065,68.13708584191346,72.00191504934679,10.47571648174408,0
372,437,57.6695510789573,75.29002425744898,67.2244603925503,5.569231654148886,1
373,805,83.35489855622114,73.75070254643826,72.60127311377391,10.39578824406906,0
374,921,54.82816781599052,70.27434267266258,66.67690468117945,5.977083058848848,0
375,262,16.045785992413908,59.18619045512671,49.79986511825761,-8.384646676463476,1
376,819,46.472327922491985,51.674146273214966,48.6906860530024,-10.898013095720692,1
377,780,54.771840458190155,51.09460414906154,50.71773752139832,-7.764042073903987,1
378,260,74.81823234690663,49.38727090719864,58.751235796567755,-1.969283651827162,0
379,679,19.592085711580694,42.340054486316674,45.69818576823874,-14.829602572681246,1
380,900,22.60166847944041,43.65123098372197,37.99934667197263,-16.824288449627836,1
381,497,33.73154223711548,41.103073846646666,36.57674519368692,-15.040354515600768,1
382,376,33.9848554033794,36.94567683568452,35.71278193025108,-12.779176805977102,1
383,915,75.89661206131561,37.16135277856632,49.10739197393926,1.2934279686056627,0
384,603,32.565759450543794,39.75608752635894,43.593514466140775,-2.128466903491706,1
385,995,66.97882570217028,48.631518970904914,51.388618211483944,7.031309579689044,0
386,491,54.48464651244443,52.782139825970695,52.42062764513744,8.09194578863805,1
387,234,61.59649403614606,58.30446755252403,55.479249775473654,7.354675581996574,1
388,294,85.42962668604662,60.21107047747023,65.46270874566466,14.09169298855803,0
389,500,46.394335139412185,62.97678561524391,59.10658421024717,8.433693896372048,1
390,739,79.38202393578435,65.45742526196673,65.86506411875956,14.811857839144615,0
391,132,47.98324535956186,64.1571450313902,59.904457865693665,6.485321615413625,0
392,787,41.84842389051245,60.20753100226349,53.8857798739666,-1.1372526605694446,1
393,559,96.27644595818985,62.37689485669214,68.01600190204101,7.780894057415445,0
394,982,26.59338286110669,58.41670440103104,54.208462221729576,-5.410689577706599,0
395,569,18.130326451984708,46.16636490427111,42.18241696514796,-12.62287770017732,1
396,474,79.38873329819306,52.44746249199735,54.58452240949633,-4.122686743133038,0
397,121,16.142473481868244,47.30627241026851,41.77050610028697,-12.700340367317224,1
398,849,85.33710916327264,45.118405051285066,56.2927071212822,-0.7491779005576973,0
399,769,49.347405672151915,49.66920961349412,53.977606638238775,-2.0435210199349285,1
400,137,92.39623095627226,64.52239051435163,66.78381474424994,10.18213673022408,0
401,329,74.9379575009715,63.63223535490731,69.5018623298238,10.521549119001328,0
402,464,64.93642003071619,73.3910246646769,67.98004823012127,10.20353534472116,1
403,662,95.43761173519891,75.41112517906217,77.13256939848048,15.401525981777276,0
404,537,45.69844357468489,74.68133275956876,66.6545274572153,4.602649066831056,1
405,875,95.86782428856698,75.3756514260277,76.39229306766586,14.37446648308353,0
406,382,22.150114967908625,64.81808291941512,58.31156703441345,-3.335987225735707,1
407,126,53.53794477391715,62.53838786805532,56.72035961424802,-7.877829506062177,0
408,325,34.29201001529754,50.30926752407504,49.24424308126453,-11.595885765471046,1
409,376,58.58585010173741,52.88674882948553,52.358112088088824,-12.018964810302514,0
410,897,24.581249010242615,38.629433773820665,43.09915772880676,-16.21493082349874,1
411,708,85.73766942790391,51.34694466581973,57.31199496183915,-5.034615570112358,1
412,383,86.17670643831015,57.874696998698326,66.93356545399615,5.105248631874822,1
413,978,95.97126814511311,70.21054862466144,76.61279968436847,13.031706975235352,0
414,580,23.92049267949126,63.27747714021221,59.0486973494094,-1.1144014137883147,1
415,552,66.09992958144917,71.58121325445352,61.39910809342266,3.6808161763707687,0
416,928,52.68135778303326,64.96995092547938,58.49319132329286,0.1929898888785928,0
417,915,40.99453588398099,55.93351681461356,52.66030617685557,-1.0671212238431949,1
418,758,41.63861450207969,45.06698608600688,48.98640895193028,-6.365060076616075,1
419,615,47.151419554607706,49.71317146103017,48.37474581948942,-6.444512774114479,1
420,646,73.44329947200578,51.18184543914149,56.73093037032821,-1.3509356780013846,0
421,291,63.845745244133916,53.414722931361624,59.10253532826344,0.5823446847341458,0
422,148,51.3713361485018,55.49008298426578,56.52546893500956,-4.227228970041331,0
423,611,16.83400693326599,50.52916147050304,43.294981601095046,-11.715744429402683,1
424,116,16.99888096710614,44.49865375300273,34.529614723098746,-14.716292518131986,0
425,271,10.210545156320043,31.852102889865574,26.42325820083918,-15.675922124658804,1
426,319,97.09294493863779,38.50154282876635,49.979820446772045,1.7829357663451901,0
427,257,10.472843670254642,30.321844333116918,36.81082818793292,-6.750465999894395,1
428,576,19.27843714123704,30.81073037471113,30.966697839034296,-9.81101962864333,1
429,145,38.313690112846984,35.073692203859295,33.415695263638526,-7.138618389777939,1
430,472,82.6687226635085,49.565327705296994,49.83337106359519,5.859881730059655,1
431,617,96.58889071877059,49.46451686132355,65.41854428198698,17.32526568477121,0
432,198,81.10122029126705,63.59019218552603,70.64610295174701,21.914664286259473,0
433,991,72.15042092010765,74.16458894130014,71.14754227453389,21.724047302715206,0
434,844,56.91706006722124,77.885262932175,66.40404820542967,16.518409573717705,0
435,136,17.803469067596524,64.91221221299261,50.20385515948529,0.23742801657910917,1
436,379,96.23537137035373,64.84150834330924,65.54769389644144,8.978225886597961,0
437,448,78.25531725511134,64.2723277360781,69.7835683493314,7.543702664588643,0
438,596,67.50544468008357,63.34333248807328,69.02419379291547,9.249953129718904,1
439,401,78.31322609849649,67.62256569432833,72.12053789477581,6.692932029225744,0
440,280,75.16929963458247,79.09573180772551,73.1367918080447,3.0516140680492043,0
441,706,67.35084218105382,73.31882596986554,71.20814193238108,-1.2967984799649912,1
442,198,98.25191201619893,77.31814492208306,80.22273196032037,6.419192435250082,0
443,799,91.30274313724225,82.0776046135148,83.91606901929434,10.553041792684752,0
444,215,68.19984272054471,80.05492793792443,78.67732691971113,6.389414490661736,1
445,290,72.38576903112323,79.49822181723259,76.58014095684851,4.272616185214488,0
446,352,14.6436225992839,68.9567779008786,55.93463483766031,-12.850103478312263,1
447,260,70.29257180950353,63.36490985953952,60.72061382827472,-12.43821638285678,0
448,355,13.974889393909017,47.89933911087287,45.13870568348616,-21.16508436294162,1
449,422,62.94373812729379,46.84811819222269,51.0737164980887,-13.954108621020936,1
450,227,99.94181496092514,52.35932737818308,67.36308265236752,-0.36777332347891445,0
451,117,60.02259232934617,61.43512132419553,64.91625254469375,-1.290383950390165,0
452,892,52.588910627320004,57.894389087758825,60.807138572235836,-3.5177988389095347,0
453,834,38.156937085502875,62.7307986260776,53.257071409991525,-8.63504057652461,0
454,665,20.847032090781802,54.311457418775205,42.45372497025495,-12.987980355809746,1
455,669,75.79213043124534,49.48152051283923,53.56652679058509,-0.5826274766465289,0
456,422,27.333912500706738,42.94378454711135,44.82232202729231,-5.92133805495282,0
457,971,20.37538191225559,36.50107880409847,36.67334198894674,-9.736119166726084,1
458,785,47.958639375746124,38.46141926214712,40.43510778454653,-8.750604769164816,1
459,891,81.58076541631877,50.60816592725452,54.15032699513728,4.023931640857995,0
460,725,77.05580933081984,50.86090170716941,61.78548777369814,6.402349091342963,0
461,387,14.939435318182744,48.38200627066461,46.17013695519301,-5.212643159736253,1
462,953,50.962931653254046,54.4995162188643,47.76773518788002,0.46652868192334296,1
463,762,57.0191118464052,56.311610712996114,50.85152740738842,3.8006109416768297,1
464,738,68.009198556324,53.59729734099717,56.57075112370028,8.234810663905037,1
465,254,68.51506153989052,51.8891477828113,60.55218792909703,9.686403764769473,0
466,589,42.82275245115753,57.46581120940626,54.6423761031172,1.9452819087583322,1
467,485,60.46094746031626,59.3654143708187,56.58189988885023,5.1624042754021175,0
468,884,53.29556954596778,58.620705910731225,55.48645644122276,1.9034894073362167,1
469,203,89.6498520870953,62.94883661688548,66.87425498984695,7.518415441390438,0
470,492,57.72386193714102,60.790596696335584,63.82412397227831,3.6545158770388895,0
471,910,49.69289455733455,62.16462511757097,59.11371416729706,1.6014286436396574,0
472,345,46.403690471366566,59.35317371978105,54.8770396019869,-0.08090268338272466,1
473,275,61.518498349011914,60.99775948038987,57.09085918432858,-1.7486716869434744,1
474,138,82.35792814608078,59.53937469218697,65.51321550491265,4.057434925905035,0
475,576,58.45613413427088,59.68582913161295,63.16085504803206,1.5853226117023027,1
476,781,69.54896575724874,63.657043371595776,65.29022528443762,3.5863789146974696,1
477,858,76.40701902158725,69.65770908163992,68.99582319682084,6.634313703605962,0
478,637,56.81512988908587,68.7170353896547,64.93559209424252,1.4080511478669422,0
479,966,48.41353509893779,61.928156780226104,59.428239762474284,-3.0953501537864128,1
480,917,88.89988400762046,68.01690675489601,69.25212117752301,3.761505056124591,0
481,507,47.575547562510295,63.62222311594833,62.02659663918544,0.04217256150243287,1
482,624,51.57485655180288,58.65579062199146,58.542683276724595,-2.929323685513573,1
483,927,99.13071820075994,67.11890828432627,72.07202825140305,6.480202652212782,0
484,605,10.021377121829612,59.44047668890464,51.38847787487858,-11.171488278516946,1
485,924,26.692561861905023,46.99901225976155,43.156505870554064,-16.501298908915892,1
486,135,44.55675009277532,46.39525276581456,43.62325394462782,-12.884452663733349,1
487,784,93.93309184827275,54.86689982510853,60.393199912509466,0.9290801613148076,0
488,119,16.302673517272392,38.301290888411025,45.696357780763776,-9.33057095043285,0
489,420,10.853689026564826,38.467753269358056,34.082134862697465,-15.48201636891396,1
490,875,14.741545237950573,36.077549944567174,27.635271654448502,-18.422747522901652,1
491,611,17.968906955225634,30.759981317057235,24.413150088040883,-19.10781674399993,0
492,499,13.383709588563478,14.650104865115381,20.736669921548415,-16.49128237557098,1
493,753,53.18031941708543,22.025634045077986,31.551219753394086,-6.143796864939901,1
494,982,62.268148650459494,32.308525969856916,41.790196052415894,3.204071759193859,0
495,570,34.45182739621036,36.25058240150888,39.34407316701405,6.147856440837813,1
496,242,45.845864557807204,41.8259739220252,41.511336963945105,5.329746284770728,0
497,191,18.252940160028714,42.79982003631824,33.75853802930631,-1.7197508413783709,1
498,453,40.27334174455798,40.21842450181275,35.93013926772353,0.808801092723634,1
499,933,57.026727247107075,39.17014022114226,42.962335260851376,10.916527469281945,1
500,899,75.90446264661806,47.460667271223805,53.943044389440274,16.930420837092036,0
501,826,10.30117258386813,40.35172887643599,39.3957537875829,2.42917327212605,1
502,953,52.05796898838873,47.112734642107995,43.616492187851506,3.5402096931914784,0
503,150,36.7302588809394,46.404118069384275,41.321081085547476,-0.3186474029220321,1
504,764,86.75396395227112,52.349565410417085,56.46537537445536,8.711459022343554,0
505,797,74.39979837108177,52.04863255530982,62.44351637333084,12.921310108386002,0
506,674,63.01976810238054,62.59235165901231,62.63560028301408,13.050759063742483,0
507,289,34.95390811270963,59.171539483876494,53.40836955957926,3.781688280599397,1
508,224,91.93051918517808,70.21159154472423,66.24908610144554,12.782016936851434,0
509,249,14.059060949829085,55.672610944235814,48.85241105090673,-4.265168179504066,1
510,413,19.852083881120365,44.76306804624353,39.18563532764461,-12.23017241414638,1
511,669,45.24671264863205,41.208456955493844,41.205994434640424,-9.228145423944326,0
512,441,21.19938015671707,38.45755136429533,34.53712300866597,-11.338259975760359,1
513,404,96.07741278034825,39.286930083329366,55.050552932560066,2.027149931760391,0
514,791,81.8190389929045,52.83892569194445,63.973381619341545,8.469889451498887,0
515,781,33.30843864416323,55.530196644553016,53.751733960948776,-1.4666065204958656,1
516,937,62.96988060759208,59.07483023634502,56.824449509829876,3.588115973775153,1
517,882,98.40974635720734,74.51690347644308,70.68621512562237,15.449052590723852,0
518,153,89.57790803183526,73.21700252674049,76.98344609436,19.533105232006932,0
519,543,64.07186017979782,69.66756676411914,72.67958412283929,12.802747254895529,1
520,712,91.33515704577434,81.27291044444137,78.89810843048431,19.07088507415753,1
521,363,99.0266418832023,88.48426269956342,85.60761958139031,18.699764480615755,0
522,152,76.90175406042617,84.18266424020717,82.70566440773561,11.043670125352236,0
523,671,15.848776853460462,69.43683800453222,60.42003522297723,-8.792131076475172,1
524,719,46.142221278293874,65.85091022423144,55.660763908082785,-15.629972484834354,1
525,104,85.40431617549208,64.66474205017498,65.57528133055256,-4.826030345293233,0
526,202,30.75122762245171,51.00965919802486,53.96726342785228,-12.178397300455778,1
527,295,84.75782659755622,52.58087370545087,64.23078448442027,-6.202325240003873,0
528,873,20.830488583149634,53.5772160513887,49.76401918399672,-17.157474538390545,0
529,976,14.22508214330317,47.19378822439056,37.917706837098876,-21.988398200796382,1
530,983,44.56815503421246,39.02655599613464,40.13452290280341,-16.020769385289945,0
531,449,13.305874368395227,35.53748534532334,31.191640058000687,-20.733153412475794,1
532,146,96.1543236684993,37.81678475951196,52.845867928166896,0.519477239130012,0
533,966,84.35851262145692,50.52238956717341,63.350082825930244,12.246036242038805,0
534,922,82.06927184168876,64.09122750685053,69.58981249784975,18.05513943218643,0
535,919,66.68001306965378,68.5135991139388,68.61987935511776,12.849269938105003,0
536,755,29.469162073289816,71.74625665491772,55.56964026117512,1.1884524445793545,1
537,368,56.6434330008753,63.84407852139291,55.92757117440851,3.943123622364162,1
538,469,63.754666518730694,59.723309300847674,58.53660295584924,3.801868829114966,0
539,735,57.25283507742414,54.760021947994744,58.108680329707546,5.666028829650948,0
540,205,33.42100311563746,48.10821995719148,49.879454591684194,-3.6124064527463915,1
541,769,56.37231318832533,53.48885018019858,52.04374079056458,-4.9603895076178475,0
542,758,54.20677067817639,53.00151771565881,52.76475075310185,-5.042597515410911,1
543,756,99.67021982260519,60.18462837643371,68.39990710960296,3.3955300532393693,0
544,219,90.76925332415834,66.88791202578054,75.8563558477881,11.30073465345292,0
545,930,51.704267339405796,70.54456487053422,67.80565967832733,5.9712255908297465,1
546,886,66.06436446416069,72.48297512570127,67.2252279402718,6.7245361342348815,1
547,703,77.30844436830057,77.10330986372612,70.58630008294806,9.199905668690583,0
548,157,13.137864421044242,59.79683878341393,51.436821528980126,-8.58863141425688,1
549,445,90.54292971050559,59.75157406068338,64.47219092282195,1.6217799204490788,0
550,840,87.41141347761314,66.89300328832485,72.11859844108568,7.296791858805946,0
551,573,51.168888799633656,63.913908155419435,65.135361893935,0.8205508348044646,0
552,216,45.205278947234184,57.49327507120616,58.492000911701396,-6.804833133395533,0
553,929,34.566343737068344,61.778970934410985,50.516781853490386,-12.962888070668463,1
554,890,52.90091454973316,54.2505679022565,51.31149275223798,-12.05935582788392,0
555,226,13.99389971799131,39.56706515033213,38.87229507415576,-17.35886016391499,1
556,492,86.6974180012307,46.67277099065154,54.814002716514075,-1.0778329113127114,0
557,740,13.188013157669056,40.26931783273851,40.938672863565735,-11.743474915782983,1
558,157,39.61462288328839,41.27897366198252,40.49732287013995,-9.980679777469412,1
559,733,93.8430539487091,49.467401541777704,58.27923322966301,6.4233464503529305,0
560,612,76.16913890711075,61.902449379601606,64.2425351221456,7.1340421356633215,0
561,850,35.32518645197741,51.628003069750946,54.6034188987562,2.096404517151271,0
562,901,32.73841845647966,55.53808412951306,47.31508541799735,-0.6358460451797896,0
563,195,10.457392583622337,49.70663806957985,35.029187806539014,-9.529118971970526,1
564,737,72.61428635647752,45.46088455113353,47.557553989851854,0.7151632605720479,0
565,217,14.390522350585577,33.1051612398285,36.5018767767631,-8.659195503643147,1
566,659,57.93422674606859,37.626969298646735,43.645993433198264,-1.9345215302359406,1
567,700,96.59097753328449,50.397481114007704,61.29432146656034,8.830716685185045,0
568,587,19.85219740490085,52.2764420782634,47.48028011267385,0.587110380992705,1
569,336,90.50319378712607,55.85422356439311,61.82125133749126,8.485149886688696,1
570,984,99.23278016305433,72.82267512688686,74.29176094601229,15.987479721895902,0
571,996,15.536532361531155,64.34313624997938,54.70668475118525,2.9279469926670245,1
572,371,89.46156422237152,62.91725358779679,66.29164457491402,13.405204706790727,0
573,288,56.4471118399255,70.23623647480171,63.01013366325118,8.363533346132222,1
574,803,91.58623475001221,70.45284466737894,72.53550069217152,12.984915683924847,0
575,546,61.41870477276167,62.890029589320406,68.82990205236825,5.032541028359965,1
576,680,69.59008090959082,73.70073929893235,69.08329500477578,5.537951101341378,0
577,889,58.940101719765934,67.59644679841122,65.70223057643916,-1.5555782744269209,1
578,960,87.80435922766137,73.8678962759584,73.06960679351323,3.3226202358477366,0
579,346,76.05189270583315,70.76102786712258,74.06370209761988,6.028305942242,0
580,175,56.91342809623734,69.85997253181772,68.34694409715904,-2.7768879491635516,1
581,253,88.13447236463922,73.5688508228274,74.94278685298576,4.016348258537079,0
582,755,32.07569790298011,68.19597005947023,60.65375720298388,-4.676257869791954,0
583,534,24.16065937322734,55.467230088583435,48.489391259731704,-17.55930106401881,1
584,185,24.436009479706488,45.144053443358096,40.471597333056636,-20.158298762138465,1
585,796,40.06079908707141,41.773527641524915,40.3346645843949,-18.929705448062357,0
586,384,31.482102817091576,30.443053732015386,37.38381066196047,-16.871881709420073,1
587,319,93.70813154587648,42.769540460594655,56.15858428993248,-0.7878936458742984,0
588,168,19.52506844457256,41.8424222748637,43.94741234147918,-8.826981222242743,1
589,146,72.90916642356288,51.53705366363498,53.601330368840415,-0.3371519201979112,0
590,193,27.02993858065053,48.930881562350805,44.74419977277712,-4.129747462343637,1
591,849,89.34734194933151,60.503929388798795,59.611913831628584,9.630012492882969,1
592,552,96.51837593664166,61.06597826695183,71.91406786663295,18.631754207853632,0
593,303,51.892300789298524,67.53942473589701,65.24014550752148,14.978012813353892,1
594,317,89.11643322053185,70.78087809529082,73.19890807852494,18.183380774561364,0
595,573,10.46306536792433,67.46750345274558,52.28696050832474,-1.5871006285302443,1
596,531,83.79522256672901,66.35707957622508,62.78971452779283,3.9690523003526437,0
597,440,30.576264537243116,53.16865729634536,52.05189786427626,-5.9783864840115655,1
598,650,91.78311783424311,61.14682070533428,65.29563785426521,2.2402689212147493,0
599,711,10.100810033209854,45.343696067869885,46.89736191391343,-9.190730226414821,1
600,388,60.05635615357813,55.262354225000635,51.283693327135,-8.182006122277052,1
601,353,78.09722234064412,54.12275417978367,60.22153633163804,0.323498889135891,0
602,833,33.28194976281172,54.6638912248974,51.24167414202927,-9.177364232319654,0
603,456,27.381957812856374,41.783659220620045,43.28843536563831,-11.966820997337678,0
604,122,17.56884020211862,43.2772652544018,34.71523697779841,-13.960891407300643,1
605,861,39.37902188529637,39.14179840074544,36.2698319469644,-11.363523196134487,1
606,621,60.38598810779465,35.59955155417555,44.30855066724115,-0.930600716462969,0
607,857,20.42594711022319,33.028351023657834,36.34768281490184,-9.721708713993856,1
608,936,43.90258257881189,36.33247597684894,38.86598273620519,-3.879022127030737,0
609,199,10.816516418745246,34.98201122017427,29.516160630385208,-11.58219855630923,1
610,901,83.68114784498576,43.84243641211215,47.57115636858539,7.147961347662395,0
611,279,21.560384628387222,36.07731571623066,38.900899121852675,-2.4772604486684386,1
612,322,35.50086534390235,39.09229936296649,37.76755452920257,-1.5643141405122236,0
613,861,11.658494686439573,32.64348178449203,29.064534581614907,-4.730773450249508,1
614,758,48.90167055032611,40.2605126108082,35.67691323785198,0.5799618070280346,1
615,541,85.61093524670969,40.64647009115299,52.32158724080455,12.372221023826164,0
616,707,45.29360903006769,45.393114971489084,49.9789278372256,7.71916421791812,0
617,868,26.154759108145004,43.52389372433761,42.037538260865404,0.8797965396538743,1
618,424,77.83289506454673,56.758773799959044,53.969323862092516,11.35767322781831,1
619,615,80.99262836836698,63.17696536356722,62.97709203085067,15.318217958397817,0
620,115,25.637812777681013,51.18234086976148,50.530665613127454,4.393855690768838,1
621,891,79.37686976868908,57.99899301748576,60.146066998314666,8.295894296794067,1
622,435,95.25680994307042,71.81940318447084,71.84964797989991,19.034836770205594,0
623,858,24.97398282390451,61.2476207363424,56.22442626123478,3.125148535247355,1
624,357,79.3885863278922,60.92681232824744,63.94581295012059,7.189225142134006,0
625,596,73.77148041423663,70.55354585555857,67.22103543815928,5.288365486189605,0
626,995,52.62164995915796,65.20250189365234,62.354573611825515,0.11190537578651316,0
627,259,15.212841450291847,49.19370819509663,46.6406628913143,-9.73549752835654,1
628,574,16.72249759820686,47.5434111499571,36.66794112694516,-17.32729334007061,1
629,951,86.71731932787829,49.00915774995432,53.35106719392287,-5.691047291404011,1
630,763,99.11335354755823,54.077532376618635,68.60516264513467,7.789676619556836,0
631,789,70.8447031468079,57.72214301414863,69.35167614569242,9.381850555244519,0
632,774,50.136247630928935,64.70682425027603,62.94653330743793,0.9351714792193562,1
633,479,68.28162790617168,75.01865031186901,64.72489817368252,3.638139834007056,0
634,644,63.49562733056908,70.37431191240717,64.31514122597804,5.875148104011025,0
635,790,44.52510343650596,59.45666189019671,57.71846196282068,-2.350791210196448,0
636,526,15.906353011661166,48.46899186316737,43.78109231243418,-10.99797475089703,1
637,712,83.93616526666969,55.22897539031551,57.16611663051269,1.5399924961453877,0
638,367,43.46501763148521,50.26565333537822,52.599083630836866,-2.2639878095577117,1
639,934,83.69070790213843,54.3046694496921,62.96295838793739,2.3933980765555987,0
640,676,32.7257874719544,51.94480625678178,52.883901415943065,-9.019266384917685,0
641,516,10.092653186107006,50.782066291670944,38.62015200599772,-16.897626949715423,1
642,267,24.304445494908087,38.855722337318625,33.848249835634505,-15.435453449024457,1
643,941,52.16854750917259,40.596428312856105,39.95501572681387,-7.77234125470882,1
644,142,94.98732714620469,42.85575216166935,58.29911953327748,6.834172592148477,0
645,655,19.19742577243471,40.15007982176542,45.265221612996555,-2.1093751503210356,1
646,384,86.87887970154094,55.50732512485221,59.136440975844685,9.813239848279451,0
647,496,57.432168659067585,62.132869757684105,58.56835020358565,8.16956030747361,1
648,111,84.3328689219907,68.56573404024773,67.15652310972067,11.055523554414492,0
649,706,36.85369878909934,56.93900836882666,57.055581669513565,4.8781209873382565,1
650,401,85.59524482052247,70.2185721784442,66.56880271984987,10.88048977192146,0
651,997,79.55405020151241,68.7536062784385,70.89721854707072,15.553627074194488,0
652,352,30.704831472829053,63.40813884119079,57.49975618899017,2.3245777160410483,0
653,598,21.820161376844027,50.90559733216146,45.606557918274795,-10.545912903902419,1
654,853,88.12488902790636,61.15983537992287,59.77933495481865,-1.691506161775088,1
655,134,96.69129880961187,63.37904617774075,72.08332290641638,6.902252514786042,0
656,826,12.81720823727646,50.03167778489355,52.327951350036415,-6.005609132516575,1
657,948,75.8143060276317,59.053572695854086,60.156736242568186,-2.894897594584549,1
658,189,91.85720598530365,73.060981617546,70.72355949014667,7.257065129347033,0
659,875,87.16240828832488,72.8684854696297,76.20317575620608,10.25916142630166,1
660,704,96.80684250431877,72.89159420857109,83.07106467224364,16.087552543811896,0
661,701,78.40846705942874,86.00984597300155,81.51686546797201,11.07045598367948,0
662,517,49.806888614281924,80.80836249033159,70.94687318340866,3.4828267163028386,0
663,214,38.07567914456174,70.05205712218321,59.98980850379302,-4.017707041900245,1
664,716,38.86684663943147,60.39294479240452,52.94882121567251,-11.738862260570954,1
665,295,75.19804053527052,56.07118439859488,60.36522765553852,-8.770612417240486,1
666,925,77.12533108278679,55.81455720326649,65.95192879795461,-2.2672814460644304,0
667,600,28.03232291938414,51.459644064286934,53.31206017176446,-9.185568748068938,1
668,725,88.13105321414778,61.47071887820414,64.91839118589223,-3.8553914820137862,0
669,592,74.34316361820228,68.5659822739583,68.05998199666226,-0.5912054704579646,0
670,174,60.64752577090444,65.6558793210851,65.589163254743,-0.46121752784395653,0
671,512,52.43792140922614,60.718397386372956,61.20541597290405,-1.9512575697580061,1
672,475,58.89095252109623,66.89012330671538,60.43392815563478,0.43691211157459264,0
673,519,24.332116445133803,54.13033595291258,48.39999091880112,-7.090662574067821,1
674,828,28.333112434864677,44.928325716245055,41.71103142415565,-11.990140720428528,0
675,376,18.20480413655725,36.43978138937562,33.87562232828952,-18.169643565627602,1
676,860,23.829223434500143,30.718041794430416,30.5268226970264,-20.265307929813115,1
677,775,50.83242711447544,29.106336713106266,37.29535750284275,-11.466305338930503,1
678,493,57.73189543554305,35.78629251118811,44.107536813742854,-3.0380063907600956,0
679,968,11.607570323048744,32.441184088824926,33.27421465017815,-12.50259917129685,1
680,556,81.71180450776248,45.14258416306597,49.42007793603959,4.178201506763365,0
681,291,36.47511760091301,47.67176299634855,45.10509115766406,3.018885229828612,1
682,838,92.06524314639199,55.91832620273185,60.75847515390671,16.05412611144729,1
683,788,97.07601372523999,63.78714986067124,72.86432134435114,24.440131275557235,0
684,198,26.691298720898892,66.80389554024126,57.4733138032004,11.732428217756272,1
685,647,51.588756168909455,60.779285872470666,55.51179459177009,7.499522362677993,0
686,195,10.11086516497833,55.50643538528374,40.37815144950618,-6.115600173762054,1
687,763,63.849453861018425,49.863277528209025,48.201918920010264,-2.0955535136297314,1
688,762,64.6575803436404,43.3795908518891,53.68713939455365,-0.012696114848033346,0
689,289,32.278596004303765,44.49705030857008,46.55095826447035,-5.602724652417017,1
690,835,60.25714053248782,46.23072718128575,51.11968568714285,-1.2444343211565894,0
691,136,30.29861281993619,50.26827671227731,44.17932806474063,-9.742378818299429,0
692,879,24.474292217037107,42.393244383481054,37.61098278217279,-11.540931409973496,1
693,468,68.63675201220383,43.18907871719374,47.9529058588498,-3.879144534237369,0
694,794,39.333291755686744,44.60001786747033,45.079701157795455,-2.3580199527329526,1
695,624,63.123754499706024,45.17334066091398,51.09438560509898,6.486019430031725,0
696,378,48.992207407449,48.91205957841654,50.393659539215655,3.9268843069358965,1
697,316,98.59162666626135,63.73552646826139,66.45964858156422,16.07596747450514,0
698,966,23.46225784008092,54.7006276338368,52.12718500106979,0.6308878377521623,1
699,972,51.81387369722292,57.196744022144046,52.022747899787504,1.5294157501195045,1
700,897,71.24109637233927,58.8202123966707,58.428864057304764,7.3869055719118535,0
701,372,45.599057549197184,58.14158242502033,54.15226188793558,2.0002649404682202,1
702,980,97.72298666836208,57.96785442544048,68.67583681474441,13.401686022620858,0
703,161,74.96988651342416,68.26938016010914,70.77385338097099,11.777096447723444,0
704,695,69.12854718080438,71.73231485682541,70.22541798091547,7.50747313402065,1
705,979,78.1353340850101,73.11116239935959,72.86205668228035,9.352563329318343,1
706,828,95.73837742348454,83.13902637421704,80.48749692934842,12.277579770736594,0
707,441,91.7036787686176,81.93516479426816,84.22622420910483,13.634646694750373,0
708,496,75.18567773137707,81.97832303785874,81.21270871652891,8.438342008513771,1
709,798,77.42454751911548,83.63752310552096,79.9499883173911,8.93954487163812,0
710,118,23.13298666316309,72.63705362115155,61.01098776598177,-9.972016415028051,0
711,276,19.25131640433991,57.339641417322625,47.091097312101155,-21.178360427835088,1
712,711,61.38140516597479,51.27518669679407,51.85453326339237,-15.593283542680169,0
713,495,11.6530873246486,38.568668615448374,38.45405128381112,-26.164934670215708,1
714,544,53.41207433964324,33.766173979553926,43.4400589690885,-17.486350957545092,0
715,332,28.931462192698174,34.925869085460945,38.60386004362506,-18.486014522948025,1
716,175,41.141491088035565,39.30390402220007,39.44973705842857,-15.307882833747115,1
717,364,79.82242622136604,42.99210823327833,52.90730011274106,-1.9909107907976207,1
718,554,94.71137538091479,59.603765844531566,66.84199186879897,12.029364468807778,0
719,895,16.517464493170735,52.224843875237056,50.067149410256235,1.5200398665522812,1
720,817,58.08179853788006,58.05491114427343,52.73869911946418,5.616912841884968,1
721,834,89.428013723764,67.71221567141913,64.9684706542308,16.846395526264217,0
722,483,17.425768099637914,55.23288404707349,49.12090313603318,1.4744295550270294,1
723,663,84.20626422071504,53.13186181503355,60.816023497593804,7.756637598556388,0
724,950,42.202121583544425,58.2687932331083,54.61138952624401,3.1502772590758,0
725,605,38.98852319974018,54.45013816548031,49.403767417409405,-4.335297839349778,1
726,466,97.97197476833072,56.15893037439366,65.59316986771651,8.140779575233374,0
727,243,28.077318087606475,58.289240371987376,53.08788594101317,-4.2933256760456615,1
728,984,72.3874546740413,55.92547846265262,59.521075518689216,-0.46396639720342847,1
729,168,83.92966552088798,64.27098725012134,67.6572721860888,7.329960328569335,0
730,198,13.70651457513445,59.214585525200185,49.673686315770695,-3.903220474600417,1
731,495,70.3346912518971,53.68712882191346,56.560687961146165,-1.5009877257854711,1
732,124,95.63949769197943,67.19956474278806,69.58695787142392,8.39547392165067,0
733,990,21.17979700552534,56.95803320908486,53.451237582791066,-2.052894973795638,1
734,568,90.65991724165345,58.30408355323796,65.85413080241186,4.24715248399054,0
735,583,63.52989736392425,68.26876011099591,65.079386322916,5.195438575893903,1
736,664,65.49441236762266,67.30070433414103,65.21772833781822,3.3927563587895975,0
737,250,65.16497573790454,61.20579994332604,65.20014413784699,1.193801113971361,0
738,243,36.89522977035824,64.34888649629264,55.76517268201741,-3.151441592027197,1
739,668,94.16816337695137,65.05053572335221,68.56616958032873,4.141984865505393,1
740,138,95.26154163679348,71.39686457792605,77.46462693248365,11.134268304097631,0
741,208,66.2774194192553,71.55346598825258,73.73555776140753,8.876219641490891,1
742,792,80.50804533474532,74.62207990762074,75.99305361918681,5.566921269302611,0
743,141,65.10321872930422,80.26367769940994,72.36310865589262,2.3729323495578285,0
744,285,53.595860281663654,72.1492170803524,66.1073591978163,-0.3791806576588641,1
745,497,69.47381064693256,66.9916708823802,67.22950968085506,-3.2815313114040237,0
746,322,59.77013073327626,65.6902131451844,64.74305003166214,-3.1938420848988613,1
747,733,63.77282763687371,62.34316960561008,64.41964256673266,-3.537493739240773,1
748,232,80.54492980769757,65.43151182128875,69.79473831372097,0.5833922210746181,0
749,262,53.281344830408635,65.36860873103775,64.29027381928353,-3.9307696977381568,0
750,314,13.66786954832255,54.20742051131574,47.41613906229654,-18.86929110288885,1
751,832,24.75995328905475,47.20538502247145,39.86407713788261,-20.63733551997806,1
752,334,49.47464948405845,44.34574939190839,43.06760125327456,-13.618237058524855,1
753,942,75.23439038866525,43.28364150810192,53.789864298404794,-3.6423882608454434,0
754,757,63.39507834791608,45.30638821160342,56.99160231490856,0.9854303378940941,1
755,850,68.52647672861085,56.278109647661076,60.83656045280933,4.545116975852643,0
756,687,53.135103571865855,61.953139704223304,58.26940815916151,2.016361074687964,1
757,108,65.41678197480185,65.14156620237198,60.65186609770829,4.736904735912319,0
758,173,39.6115694033196,58.01700200530284,53.6384338662454,-0.5966473847208604,1
759,591,52.31643334269986,55.80127300425961,53.197767025063555,-0.08261470138821636,1
760,352,76.985115903546,57.49300083924663,61.12688331789104,8.143152750118567,1
761,329,88.4649501075809,64.55897014638964,70.23957224778766,14.323874573584163,0
762,618,49.028980056075,61.28140976264427,63.16937485055011,4.306917967367248,0
763,273,13.929549193662506,56.14500572071286,46.75609963158759,-11.203823576979268,1
764,752,24.550528973212238,50.59182484681533,39.35424274546247,-16.528670420533864,0
765,267,11.87750253623843,37.57030217335382,30.195329342387794,-20.40784316923964,1
766,269,68.79367173135971,33.63604649810958,43.0614434720451,-7.991611821535976,0
767,492,39.9083162819598,31.81191374328654,42.01040107535,-6.6578075143434745,1
768,894,58.82307721474307,40.79061934750265,47.6146264551477,-1.5275799381188762,0
769,733,54.394916210541965,46.7594967949686,49.87472304027912,1.6510054607008655,0
770,293,17.337384059718403,47.85147309966459,39.028943380092215,-7.338592087519267,1
771,616,46.293522501144864,43.35144325362162,41.45046975377643,-4.415156477038813,0
772,128,29.850501243009095,41.33988024583148,37.58381358352065,-4.353928092249852,1
773,264,47.65598098008874,39.106460998900616,40.94120271571002,2.4042084672305393,0
774,521,28.32204523080184,33.89188680295259,36.7348168874073,-0.07659945896608633,1
775,438,85.64071656492402,47.55255330399372,53.03678344657954,10.24943648593436,0
776,747,25.677400292042826,43.42932886217331,43.91698906173397,1.0357361578529094,1
777,595,96.47024963382792,56.75327854033708,61.43474258576529,11.504094090418441,0
778,464,47.431662953224674,56.70841493496425,56.76704937491842,8.616568277749494,1
779,932,86.16207628171443,68.27642114514677,66.56539167718375,14.560430580035266,0
780,441,66.58883363853505,64.46604455986899,66.57320566430086,13.921098198503032,1
781,599,76.18152687991774,74.56686987744396,69.77597940283982,15.308321047927357,1
782,756,79.09514992601022,71.09184993588042,72.88236957722995,13.26823073345983,0
783,610,55.4360393703716,72.6927252193098,67.06692617494384,6.690910925404829,1
784,426,58.89704710269596,67.23971938350613,64.34363315086122,1.5470724130149662,0
785,316,56.25962810278525,65.17387827635615,61.64896480150257,-1.8645665299017224,1
786,400,62.925254028107126,62.522623705994036,62.074394543704095,-4.322737520808964,0
787,231,12.645500118085657,49.23269374440912,45.59809640183129,-14.716100958778583,1
788,903,45.59636528641137,47.26475892761707,45.59751936335799,-16.3765917467826,1
789,169,64.55698422050544,48.39674635117897,51.91734098240714,-7.397331343289906,0
790,351,63.79512087302779,49.90384490522747,55.87660094594736,-4.801692873066607,1
791,514,81.36604851450684,53.59200380250743,64.37308346880053,4.094458630387187,0
792,886,68.95084049488977,64.85307187786825,65.89900247749695,5.423543734387387,1
793,544,99.29199847066052,75.59219851471808,77.03000114188481,14.628669766213342,0
794,975,35.54690757477805,69.7901831855726,63.202303286182556,4.429992106447102,1
795,281,42.32359266996083,65.4958775449592,56.24273308077532,-1.4368742072592369,1
796,266,44.54624366810167,58.13191657567817,52.343903276550776,-4.139803725267576,1
797,190,51.92315263182237,54.726379003064686,52.20365306164131,-3.9186809842634744,1
798,813,85.23982574030885,51.91594445699435,63.21571062119716,5.233828932608901,0
799,957,31.22128845632889,51.050820633304525,52.55090323290774,-6.978960817200786,1
800,630,79.84001863318865,58.55410582595009,61.64727503300138,-0.736226796005262,0
801,138,46.4779164777169,58.940440387873124,56.590822181239886,-4.2860906692010445,1
802,225,64.16698452958076,61.38920676742481,59.116209630686846,-1.79169185780016,1
803,550,66.92864799036755,57.72697121743655,61.72035575058042,2.015570972438354,0
804,272,43.5563773470041,60.1939889955716,55.66569628272165,-1.9228832330966128,1
805,752,56.135368468522465,55.453058962638366,55.82225367798859,1.830059995681836,0
806,853,47.17280571829273,55.59203681075352,52.93910435808998,-2.021914169509664,0
807,319,16.22195075679575,46.00303005619652,40.70005315765857,-12.08582854384398,1
808,737,49.34488499351439,42.48627745682589,43.581663769610515,-9.604104709009768,0
809,157,18.765405329819696,37.52808305338901,35.30957762301358,-15.113045247106477,1
810,759,46.451871917228935,35.5913837431303,39.02367572108537,-8.166617663778027,1
811,575,63.36265598486037,38.829353796443826,47.136669142343706,-2.7320715365639856,0
812,555,62.14734094091507,48.01443183326769,52.14022640853416,3.745875537315939,1
813,928,69.63591511074884,52.072637856714586,57.972122642605726,7.64793855196816,0
814,994,18.573535715916364,52.034263933933914,44.83926033370928,-1.685469689122911,1
815,460,68.69109209773941,56.48210797003601,52.78987092171933,6.118270556606156,0
816,100,38.09332510268024,51.42824179359999,47.891022315372965,1.67467630395344,1
817,486,45.914135152339995,48.181600635884976,47.23205992769531,1.8674833592909934,1
818,447,87.21876285304351,51.69817018434391,60.56096090281138,11.859221239844501,0
819,289,10.812736371659522,50.14601031549253,43.978219392427434,-4.272752405111426,1
820,604,62.95713700065449,48.999219296075545,50.30452526183646,0.9191991303692575,1
821,290,63.88425820900968,54.15740591734144,54.8311029108942,1.6858723728278378,0
822,607,45.69937987092058,54.11445486105756,51.787195230902995,-1.295327636637687,0
823,468,31.332507139750255,42.937203718398905,44.96896586718542,-5.444377929929416,0
824,508,31.1206634435396,46.998789132774924,40.35286505930348,-7.47492227969672,1
825,923,89.53387026946773,52.31413578653758,56.746533462691566,7.260583193798119,0
826,216,49.78219364045718,49.49372287282707,54.425086855280114,2.3384150926749285,0
827,233,39.78004266902548,48.309855432448046,49.5434054598619,-0.13401218368378665,1
828,157,50.38998164482627,52.12135033346325,49.8255975215167,-0.8765415005411583,1
829,655,70.24513613134252,59.94624487102383,56.63211039145864,3.902387954483906,0
830,784,23.11809114202765,46.66308904553582,45.46077064164832,-1.9272291527417593,1
831,771,50.44904516923639,46.79645935129166,47.123528817511016,-3.5674967100104666,1
832,272,62.90959339993483,51.422369497473525,52.385550344985624,1.6984867841907771,1
833,928,95.37250193662904,60.41887355583408,66.71453420886677,13.403450337436979,0
834,914,32.72750038678773,52.91534640692313,55.385522934840424,3.1554290204216997,1
835,248,42.3325673124621,56.758241641010024,51.034537727380986,-2.112227868097051,1
836,179,44.14227309301814,55.496887225766365,48.73711618259337,-5.494783550341218,1
837,985,64.49843418803945,55.8146553833873,53.9908888510754,1.8452754582598274,0
838,312,42.10588477360015,45.161331950781516,50.02922082525032,-1.4767001619938256,1
839,302,58.016073276972605,50.21904652881849,52.691504975824415,-0.33408522874865554,1
840,863,80.36112968605265,57.8247590035366,61.914713212567165,6.391527337891887,0
841,328,73.48470347009832,63.693245078952636,65.77137663174423,9.978226812172643,0
842,775,50.1731781861327,60.82819387857129,60.57197714987373,2.524236743293386,1
843,326,87.7794559906752,69.9629081219863,69.64113676347422,8.482528788440653,0
844,758,60.23262246344766,70.4062179592813,66.50496533013204,5.569438266472396,0
845,631,58.59152555519913,66.05229713311061,63.86715207182107,5.996706373280581,0
846,540,13.076898934524236,53.97073622599579,46.937067692722124,-9.295827884796402,1
847,501,98.80236823214454,63.696574235198156,64.22550120586294,3.286788885037538,0
848,146,21.067372767666406,50.35415759059639,49.83945839313077,-9.176345567248653,1
849,332,30.801782118488195,44.4679895216045,43.49356630158325,-12.714183319666894,0
850,404,14.652715351737427,35.68022748091216,33.879949318301314,-20.040036184460277,1
851,625,67.60026701532223,46.58490109707176,45.12005521730829,-9.598613096982426,0
852,242,30.223105927541198,32.86904863615109,40.15440545405259,-10.386094213695507,0
853,514,26.200939372545115,33.89576195712684,35.5032500935501,-11.096935899401899,0
854,612,17.970002580091723,31.329406049447538,29.658834255730643,-14.257753770051277,1
855,472,19.29780614116141,32.25842420733234,26.205158217540898,-12.004625654114875,1
856,665,62.62036303983299,31.262443412234482,38.34355982497159,-0.0652024280496235,1
857,985,71.93870792799359,39.60556381232497,49.541942525978925,10.020915075224842,0
858,358,45.76410896179609,43.51819773017516,48.28266467125132,6.037703051557912,1
859,755,53.19073734328659,50.562344682814135,49.918688895263074,11.474696516307823,1
860,570,71.73709623846857,61.05020270227557,57.19149134299825,14.52502200814282,0
861,111,11.564181116693167,50.8389663176476,41.98238793422989,0.9190520161907116,1
862,429,39.08175913632507,44.267576559313895,41.015511668261624,-2.083577898493182,1
863,835,97.57879732633118,54.63051423222091,59.86994022095148,14.272639794945924,0
864,883,62.21010067259213,56.434386898082025,60.6499937048317,12.38711038340523,0
865,457,32.880212190774394,48.66301008854319,51.3933998668126,2.573910477200357,1
866,507,56.95570419725918,57.741314704656396,53.2475013102948,1.179203452585277,0
867,767,40.83881393088238,58.092725663567855,49.111272183824,-4.752109656362286,1
868,472,57.90204899436692,50.157375997174995,52.04153112067164,-1.4286578823924572,0
869,107,21.316736062598395,41.978703075176256,41.799932767980565,-7.451758579633939,1
870,221,21.944318843734965,39.79152440576837,35.18139479323204,-12.085314044544035,1
871,447,22.918812583545357,32.9841460830256,31.093867390003147,-13.65018105112783,1
872,775,94.58378127341575,43.73313955153228,52.25717201780735,5.609233157097442,0
873,189,75.96090265072077,47.34491028280305,60.15841556211183,8.144083240232952,0
874,747,24.61437051960888,48.004437174205144,48.310400547944184,-2.4983160558750086,1
875,797,26.95141753890413,49.00585691323898,41.190739544930835,-3.732362076602776,1
876,415,75.77465273837888,59.577024944205675,52.71871060941352,6.665229649064358,0
877,277,24.054746031295654,45.47121789578166,43.1640557500409,-2.1539696970183755,1
878,639,31.11051640013458,36.50114064566442,39.14620930007213,-4.018050497226753,1
879,831,96.70121495383592,50.91850953250983,58.33121118466006,10.511751302115037,0
880,968,32.977587225558864,52.12374346984077,49.880003198293,4.137581796481989,1
881,140,69.5469115334032,50.87819522884565,56.435639309996404,6.674036618951661,1
882,839,98.07681586604774,65.68260919579606,70.31603149534685,14.210054052442707,0
883,803,43.68670904258134,68.19784772428542,61.439590677758346,3.602955196601201,0
884,601,11.576439177585602,51.17289256903535,44.81854017770077,-6.100816795470529,1
885,244,31.973256138013685,50.97202635152631,40.536778831138406,-6.716940932640632,1
886,300,84.7789472207535,54.01843348899638,55.28416829434344,3.0167338054690163,1
887,823,87.8147952359533,51.96602936297749,66.12771060821339,8.788327977918208,0
888,560,79.1667428071412,59.06203611588946,70.47405467452266,12.85199787183062,0
889,831,20.179883716891574,60.78272502375065,53.70933102197897,-3.58982058784607,1
890,851,81.59593345267628,70.70726048668317,63.00486516554474,1.4985954680078848,1
891,657,92.68100172941539,72.28767138841555,72.89691068683496,11.72565875799981,0
892,646,64.05485882916125,67.53568410705714,69.94956006761039,6.188535505141708,1
893,352,94.67878207042584,70.63809195971407,78.19263406854887,12.337286961328317,0
894,489,84.41549953406897,83.48521512314954,80.26692255705558,15.550018477499918,0
895,693,70.02743652918166,81.17151573845061,76.85376054776428,9.94179584432527,0
896,982,61.94667130405733,75.02464965337902,71.88473079986197,0.7752467525503164,0
897,355,41.371630051777345,70.48800389790222,61.713697217167095,-10.178984656291547,0
898,808,24.33587007185246,56.419421498187546,49.254421502062215,-17.60133727565467,1
899,914,64.44585304214868,52.4254921998035,54.31823201542437,-10.5901149128088,0
900,549,38.63003982563075,46.14601285909332,49.0888346188265,-12.441453727614132,1
901,109,87.97948007748809,51.35257461377946,62.052383105047035,-5.127871604776637,1
902,923,99.40032436227656,62.95831347587931,74.50169685745688,5.837742905166522,0
903,897,77.71849863540153,73.63483918858913,75.57396411677178,8.15688542231591,0
904,341,18.14335257583457,64.3743390953263,56.43042693645938,-7.160692903552615,1
905,350,35.98170359775743,63.844671849751634,49.614185823558735,-9.085510810397551,0
906,976,19.819866858917475,50.212749206037515,39.68274616867832,-13.633981075682001,1
907,104,68.54604830125442,44.041893993833085,49.30384687953702,-3.8894313458293723,1
908,218,78.86717781002062,44.2716298287569,59.15829052303156,4.554970088834892,1
909,900,93.31073477926407,59.305106269442796,70.5424386084424,11.610859446955168,0
910,473,49.43551117707889,61.9958677853071,63.50679613132123,2.4835802110651386,1
911,164,91.12380846295999,76.2566561061156,72.71246690853415,9.46608803654378,0
912,245,89.01020431371948,80.34948730860862,78.14504604359593,10.700320130931502,0
913,323,38.54761450888587,72.28557464838165,64.94590219869258,1.6204984167450007,1
914,338,88.2010562986514,71.26363895225913,72.69762023201218,10.305488788700039,0
915,276,43.81050266935539,70.13863725071442,63.06858104445992,3.5021159316516233,0
916,878,36.71823471042527,59.257522500207486,54.28513226644837,-6.829239690909148,1
917,952,68.41671929149538,55.13882549576266,58.995661274797385,-4.821628657038296,0
918,381,39.5543105096573,55.340164695916954,52.515211019750694,-12.946615882979984,1
919,162,66.71878734962297,51.043710906111265,57.24973646304146,-8.059818693719933,0
920,316,64.8848624948825,55.25858287121669,59.79477847365514,-4.349583740178062,0
921,953,60.709503461361294,60.05683662140389,60.09968680289053,-1.327906134450778,0
922,926,44.23777338095179,55.22104743929517,54.81238232891096,-6.1820657920864335,1
923,894,59.364974948632906,59.18318032709029,56.32991320215161,-2.017965459318525,1
924,788,63.683692748687946,58.576161406903296,58.781173050997054,2.543837019946224,0
925,560,59.111819964592605,57.42155290084531,58.89138868886224,0.9403688698358508,0
926,709,49.99775074760814,55.27920235809468,55.92684270844421,1.1594316853380846,0
927,204,11.320035134163742,48.69565470873707,41.057906850350726,-11.001965211489434,1
928,198,62.835553693103584,49.3897704576312,48.31712246460168,-5.919192845795003,0
929,610,25.159994662844767,41.685030840462574,40.59807986401604,-10.033508393993095,1
930,484,67.83183720524707,43.429034288593456,49.67599897775972,-3.3120498382152164,1
931,504,78.34098951305793,49.09768204168342,59.23099582285913,5.274430159931271,0
932,922,55.04007782176673,57.84169057920402,57.83402315582833,4.697856215660124,1
933,617,58.812729848176446,57.0371258102186,58.16025871994438,5.182156247541577,1
934,575,95.6330703699392,71.13174095163747,70.65119593660933,13.390152048457566,0
935,808,86.24506252353167,74.81438601529439,75.84915146558345,16.348100279523457,1
936,962,92.2812864356323,77.60244539980927,81.32652978893307,19.442345795627716,0
937,744,83.23896594876278,83.24222302520847,81.9640085088763,18.069229016890112,0
938,969,19.80265076620583,75.44020720881436,61.24355592798616,-0.13496523221650847,1
939,870,23.409267037317523,60.99544654229002,48.632126297763286,-13.753830854368871,1
940,536,57.39614175420636,55.225662388424965,51.553464783244316,-10.379208040646404,0
941,122,32.14626929181984,43.19865895966247,45.08439961943616,-17.43046275686914,1
942,664,52.902592753704326,37.13138432065078,47.690463997525555,-13.580294674484527,0
943,776,45.49287914365152,42.26942999613992,46.95793571290088,-11.575480428325328,1
944,813,59.447281458740804,49.477032880424574,51.121050961514186,-7.779632149459864,1
945,557,77.21881445222404,53.44156742002811,59.82030545841748,-0.6142180362272001,0
946,182,74.3941816389347,61.89114988945107,64.67826418525655,6.01364808486224,0
947,244,56.91107192368009,62.69284572344624,62.089200098064396,5.869083214324384,1
948,184,84.01540769353522,70.39735143342298,69.39793596322134,13.86664230798943,0
949,177,48.777588238423,68.26341278935942,62.5244867216219,9.864974542251623,1
950,556,90.70428608561102,70.9605071160368,71.91775317628495,13.349771386964242,0
951,977,16.415224304964752,59.364715649242804,53.41691021917822,-4.568234675779742,1
952,100,95.91940270299767,67.16638180510634,67.58440771378471,6.388991073094132,0
953,150,68.92237732882134,64.14777573216355,68.03039758546359,3.770305275022878,0
954,784,44.20670580434847,63.23359924534865,60.08916699175856,-3.446268072902491,0
955,816,27.74387139155896,50.641516306538236,49.30740179169203,-12.74894929362798,1
956,871,53.126490649923994,57.98376957553008,50.58043141110269,-10.94918710681592,0
957,545,27.51024908667709,44.30193885226597,42.89037063629416,-14.496867434495535,0
958,548,24.969844696882795,35.51143232587826,36.91686198982371,-16.351681335795,1
959,980,65.56165816716768,39.78242279844211,46.4651273822717,-7.524298130304288,0
960,587,57.07762521236062,45.649173562602435,50.00262665896801,-1.7419836468434369,1
961,899,70.30864311498476,49.08560405561459,56.7712988109736,3.2324339321153417,1
962,133,93.66452896797902,62.316460031874975,69.06904219664207,15.283490410919818,0
963,447,57.90341920051362,68.90317493260115,65.34716786459926,8.104266504247917,1
964,194,62.283884793651794,68.24762025789796,64.32607350761677,9.886131973044257,0
965,171,18.06637052394479,60.445369320214795,48.906172513059445,-1.2957684544400223,1
966,650,74.58722073177665,61.30108484357318,57.466521919298515,4.7328713745133655,0
967,253,45.99146861237406,51.766472772452175,53.6415041503237,-0.6127794961960475,1
968,349,97.9052714796321,59.766843228275874,68.39609326009317,10.41024454443108,0
969,773,84.08566140360942,64.12719855026741,73.62594930793192,10.92548289919214,0
970,537,57.02329364645065,71.91858317476857,68.09173075410483,2.7201435995677343,0
971,217,21.090038875494944,61.21914680351223,52.42450012790154,-9.241118752329506,1
972,870,87.34742139525302,69.49033736008803,64.06547388368537,-0.12262801178670202,0
973,990,81.98029858816194,66.305342781794,70.03708211851091,4.876342266940739,0
974,405,26.612661658332968,54.8107428327387,55.562275298451596,-4.010808943981402,1
975,367,36.5750460298279,50.72109330941415,49.23319887557703,-8.562520935965487,1
976,153,81.40665323330536,62.784416180976244,59.95768366148648,0.5683998133061579,0
977,335,26.67056018926687,50.649043939779006,48.86197583741328,-11.244323816210532,1
978,488,92.59772402542396,52.772529027231414,63.440558566750184,1.8333836386557536,0
979,833,48.20746826767257,57.09149034909933,58.36286180039098,-3.428979765644989,0
980,862,17.83350663288928,53.34318246971161,44.853076744557086,-10.266117750916997,1
981,924,83.41737791538527,53.74532740612759,57.70784380149982,2.6443395967110916,0
982,500,43.61587147345489,57.13438966296519,53.01051969215152,-0.9356993315542255,1
983,723,57.38492747384029,50.09183035264846,54.46865561938111,-2.5021374541867445,0
984,866,20.107390997009723,44.47181489851589,43.01490074525732,-8.352556461790257,0
985,402,10.232561336048414,42.951625839147724,32.087454275521026,-13.301024827183767,1
986,306,67.4186685213968,39.75188396035003,43.864525690812954,-4.924453983813827,0
987,328,56.36576533003584,42.30186273166622,48.03160557055392,-2.4066007124235114,1
988,952,63.418471221083244,43.50857148111481,53.16056078739703,4.221369672104771,1
989,677,81.43694653424647,55.77448258856216,62.58602270301351,9.08296605897295,0
990,174,68.19453220805741,67.36687676296394,64.45552587136149,12.986068545434797,0
991,534,25.729609854463945,59.029065029577374,51.54688719906231,1.950584740903011,1
992,202,42.46952671995398,56.24981730756101,48.52110037269287,-3.1282037593884766,1
993,521,91.53019943089843,61.872162949524046,62.85746672542806,10.532094133720605,0
994,803,79.29502302265111,61.443778247204975,68.33665215783574,13.038016937028601,0
995,863,60.09733521430455,59.82433884845441,65.5902131766587,10.065543977479535,0
996,837,33.008049802834506,61.280026838128514,54.72949205205064,-1.870232047613925,1
997,905,37.185445165131554,60.22321052716403,48.881476423077615,-9.964321329010538,1
998,405,75.8762260827071,57.09241585752577,57.87972630962078,-1.6708679059099012,1
999,197,86.60568347674938,58.554547948345416,67.4550453653303,5.384457970906844,0
